"title","weighted_tags","wikibase_item","PersonID","primaryName","status","QID.imdb","imdb.status"
"Нурмагомедов, Хабиб Абдулманапович","classification.ores.articletopic/Culture.Sports|989|classification.ores.articletopic/Culture.Biography.Biography*|843","Q3526023","nm5212228","Khabib Nurmagomedov","not exact match",NA,NA
"Юдашкин, Валентин Абрамович","classification.ores.articletopic/Geography.Regions.Europe.Eastern_Europe|855|classification.ores.articletopic/Geography.Regions.Europe.Europe*|826|classification.ores.articletopic/Culture.Biography.Biography*|1000|classification.ores.articletopic/Geography.Regions.Asia.North_Asia|960|classification.ores.articletopic/Geography.Regions.Asia.Asia*|926","Q3553614","nm1552738","Valentin Yudashkin","not exact match",NA,NA
"Кнорозов, Юрий Валентинович","classification.ores.articletopic/History and Society.Society|719|classification.ores.articletopic/History and Society.History|168|classification.ores.articletopic/Culture.Biography.Biography*|888","Q407741","nm2054767","Tiahoga Ruge","not exact match",NA,NA
"Marilyn Manson","classification.ores.articletopic/Culture.Media.Music|951|classification.ores.articletopic/Culture.Media.Media*|979|classification.ores.articletopic/Culture.Biography.Biography*|585","Q485893","nm0001504","Marilyn Manson","match",NA,NA
"Цигаль-Полищук, Мариэтта Сергеевна","classification.ores.articletopic/Culture.Biography.Biography*|984|classification.ores.articletopic/Geography.Regions.Asia.North_Asia|798|classification.ores.articletopic/Culture.Media.Media*|749|classification.ores.articletopic/Geography.Regions.Europe.Europe*|743|classification.ores.articletopic/Geography.Regions.Europe.Eastern_Europe|737|classification.ores.articletopic/Geography.Regions.Asia.Asia*|685|classification.ores.articletopic/Culture.Media.Films|637","Q120279918","nm3529832","Marietta Tsigal-Polishchuk","not exact match",NA,NA
"Лоза, Евгения Фёдоровна","classification.ores.articletopic/Culture.Biography.Biography*|972|classification.ores.articletopic/Culture.Media.Media*|705","Q3572479","nm2548573","Evgeniya Loza","not exact match",NA,NA
"Ливия Друзилла","classification.ores.articletopic/History_and_Society.History|983|classification.ores.articletopic/Culture.Biography.Women|637|classification.ores.articletopic/Culture.Biography.Biography*|986","Q469701","nm0810738","Kasia Smutniak","not exact match",NA,NA
"Эфира, Виржини","classification.ores.articletopic/Culture.Media.Films|672|classification.ores.articletopic/Culture.Biography.Biography*|999|classification.ores.articletopic/Culture.Media.Media*|817|recommendation.image_section/exists|1","Q3560737","nm1812637","Virginie Efira","not exact match",NA,NA
"Ромарио","classification.ores.articletopic/Culture.Sports|997|classification.ores.articletopic/Culture.Biography.Biography*|959|classification.ores.articletopic/Geography.Regions.Americas.South_America|523","Q178649","nm0739838","Romário","not exact match",NA,NA
"Фильмография Робина Уильямса","classification.ores.articletopic/Culture.Biography.Biography*|938|classification.ores.articletopic/Culture.Media.Films|782|classification.ores.articletopic/Culture.Media.Media*|930","Q17157149","nm0000245","Robin Williams","not exact match",NA,NA
"Фильмография Армена Джигарханяна","classification.ores.articletopic/Culture.Media.Media*|822|classification.ores.articletopic/Culture.Biography.Biography*|600|classification.ores.articletopic/Culture.Media.Films|749|recommendation.image/exists|1","Q25384654","nm0246150","Armen Dzhigarkhanyan","not exact match",NA,NA
"Таинственный сад (книга)","classification.ores.articletopic/Geography.Regions.Europe.Europe*|766|classification.ores.articletopic/Culture.Media.Media*|993|classification.ores.articletopic/Culture.Biography.Biography*|538|classification.ores.articletopic/Geography.Regions.Europe.Northern_Europe|907|classification.ores.articletopic/Culture.Literature|793|classification.ores.articletopic/Culture.Media.Books|685|recommendation.image_section/exists|1","Q472194","nm0122364","Frances Hodgson Burnett","not exact match",NA,NA
"Ясперс, Карл","classification.ores.articletopic/Culture.Philosophy_and_religion|980|classification.ores.articletopic/Geography.Regions.Europe.Europe*|507|classification.ores.articletopic/Geography.Regions.Europe.Western_Europe|644|classification.ores.articletopic/Culture.Biography.Biography*|995","Q76509","nm1747664","Karl Jaspers","not exact match",NA,NA
"Вальехо, Вирхиния","classification.ores.articletopic/Culture.Biography.Biography*|998|classification.ores.articletopic/Geography.Regions.Americas.South_America|972","Q7934646","nm1761469","Andrés Calderón","not exact match",NA,NA
"Леди Годива","classification.ores.articletopic/Geography.Regions.Europe.Europe*|920|classification.ores.articletopic/Geography.Regions.Europe.Northern Europe|967|classification.ores.articletopic/Culture.Biography.Biography*|878|classification.ores.articletopic/History and Society.History|877|recommendation.image_section/exists|1","Q106077","nm0330352","Julia Swayne Gordon","not exact match",NA,NA
"Супермодель","classification.ores.articletopic/Culture.Visual_arts.Fashion|966|classification.ores.articletopic/Culture.Biography.Biography*|600|classification.ores.articletopic/Culture.Visual_arts.Visual_arts*|904|classification.ores.articletopic/Culture.Biography.Women|554","Q865851","nm0001381","Lauren Hutton","not exact match",NA,NA
"Дискография Rammstein","classification.ores.articletopic/Culture.Media.Music|890|classification.ores.articletopic/Culture.Biography.Biography*|554|classification.ores.articletopic/Culture.Media.Media*|936|recommendation.image_section/exists|1","Q903840","nm1339792","Rammstein","not exact match",NA,NA
"Селби, Марк","classification.ores.articletopic/Culture.Biography.Biography*|658|classification.ores.articletopic/Geography.Regions.Europe.Europe*|615|classification.ores.articletopic/Geography.Regions.Europe.Northern_Europe|538","Q311858","nm2941731","Mark Selby","not exact match",NA,NA
"Сукарно","classification.ores.articletopic/Culture.Biography.Biography*|847|classification.ores.articletopic/Geography.Regions.Asia.Southeast_Asia|973|classification.ores.articletopic/Geography.Regions.Asia.Asia*|971|recommendation.image_section/exists|1","Q76127","nm0837705","Sukarno","not exact match",NA,NA
"Антигон I Одноглазый","classification.ores.articletopic/Geography.Regions.Europe.Southern_Europe|672|classification.ores.articletopic/Geography.Regions.Europe.Europe*|699|classification.ores.articletopic/History_and_Society.Military_and_warfare|585|classification.ores.articletopic/History_and_Society.History|877|classification.ores.articletopic/Culture.Biography.Biography*|712","Q200401","nm0064155","Ian Beattie","not exact match",NA,NA
"Умершие в январе 2023 года","classification.ores.articletopic/Culture.Biography.Biography*|924","Q115858364","nm1500428","Hermann Schlögl","not exact match",NA,NA
"Аврора (Дисней)","classification.ores.articletopic/Culture.Media.Music|231|classification.ores.articletopic/Culture.Literature|880|classification.ores.articletopic/Culture.Media.Films|889|classification.ores.articletopic/Culture.Biography.Biography*|366|classification.ores.articletopic/Culture.Media.Media*|935","Q519034","nm0092961","Sarah Bolger","not exact match",NA,NA
"Шахбокс","classification.ores.articletopic/Culture.Biography.Biography*|590|classification.ores.articletopic/Culture.Sports|992|recommendation.image_section/exists|1","Q490499","nm5896355","Anya Taylor-Joy","not exact match",NA,NA
"Романов, Алексей Андреевич (великий князь)","classification.ores.articletopic/Geography.Regions.Europe.Eastern_Europe|979|classification.ores.articletopic/Geography.Regions.Asia.Asia*|960|classification.ores.articletopic/Culture.Biography.Biography*|959|classification.ores.articletopic/Geography.Regions.Asia.North_Asia|949","Q21066162","nm0874743","Aleksey Nikolaeyvitch Romanov","not exact match",NA,NA
"Фильмография Мэрилин Монро","classification.ores.articletopic/Culture.Biography.Biography*|817|classification.ores.articletopic/Culture.Media.Films|996|classification.ores.articletopic/Culture.Media.Media*|996","Q1539082","nm0000054","Marilyn Monroe","not exact match",NA,NA
"Полянский, Дмитрий Степанович","classification.ores.articletopic/Geography.Regions.Europe.Eastern_Europe|966|classification.ores.articletopic/Geography.Regions.Asia.North_Asia|963|classification.ores.articletopic/Geography.Regions.Europe.Europe*|959|classification.ores.articletopic/Geography.Regions.Asia.Asia*|941|classification.ores.articletopic/Culture.Biography.Biography*|831|classification.ores.articletopic/History_and_Society.Military_and_warfare|538","Q1232703","nm0245855","Dmitriy Dykhovichnyy","not exact match",NA,NA
"Kaws","classification.ores.articletopic/Culture.Visual arts.Visual arts*|987|classification.ores.articletopic/Culture.Biography.Biography*|909","Q3194367","nm1891678","Mic Neumann","not exact match",NA,NA
"Сампрас, Пит","classification.ores.articletopic/Culture.Sports|997|classification.ores.articletopic/Culture.Biography.Biography*|646","Q9446","nm1528441","Pete Sampras","not exact match",NA,NA
"Миссис Дэллоуэй","classification.ores.articletopic/Culture.Biography.Biography*|718|classification.ores.articletopic/Culture.Media.Media*|577|classification.ores.articletopic/Culture.Media.Books|749|classification.ores.articletopic/Culture.Biography.Women|546|classification.ores.articletopic/Culture.Literature|839","Q752584","nm0331296","Marleen Gorris","not exact match",NA,NA
"Водорезова, Елена Германовна","classification.ores.articletopic/Geography.Regions.Asia.North_Asia|847|classification.ores.articletopic/Geography.Regions.Europe.Eastern_Europe|831|classification.ores.articletopic/Geography.Regions.Europe.Europe*|712|classification.ores.articletopic/Culture.Sports|979|classification.ores.articletopic/Culture.Biography.Women|607|classification.ores.articletopic/Culture.Biography.Biography*|976|classification.ores.articletopic/Geography.Regions.Asia.Asia*|867","Q273999","nm3469807","Aleksandra Ponyatovskaya","not exact match",NA,NA
"Ковбой Мальборо","classification.ores.articletopic/Culture.Biography.Biography*|294|classification.ores.articletopic/Geography.Regions.Americas.North America|541|classification.ores.articletopic/History and Society.Business and economics|780","Q917388","nm0493872","George Lazenby","not exact match",NA,NA
"Шенк, Николас","classification.ores.articletopic/Culture.Biography.Biography*|527|classification.ores.articletopic/Geography.Regions.Americas.North America|859","Q143548","nm1560621","Pansy Schenck","not exact match",NA,NA
"Элизабет Беннет","classification.ores.articletopic/Culture.Literature|954|classification.ores.articletopic/History and Society.History|242|classification.ores.articletopic/Culture.Biography.Women|952|classification.ores.articletopic/Culture.Biography.Biography*|610|classification.ores.articletopic/Culture.Media.Media*|819|classification.ores.articletopic/Culture.Media.Books|809","Q2223341","nm0000383","Jennifer Ehle","not exact match",NA,NA
"Супрун, Ульяна","classification.ores.articletopic/Geography.Regions.Europe.Europe*|880|classification.ores.articletopic/Culture.Biography.Biography*|874|classification.ores.articletopic/Geography.Regions.Europe.Eastern_Europe|983","Q21600039","nm7654254",NA,NA,NA,NA
"Шепард, Мэттью","classification.ores.articletopic/Culture.Biography.Biography*|561|classification.ores.articletopic/Geography.Regions.Americas.North America|775|classification.ores.articletopic/History and Society.Society|786|classification.ores.articletopic/Geography.Regions.Asia.East Asia|750","Q313244","nm0791658","Matthew Shepard","not exact match",NA,NA
"Блобель, Пауль","classification.ores.articletopic/Geography.Regions.Europe.Europe*|953|classification.ores.articletopic/Culture.Biography.Biography*|824|classification.ores.articletopic/History and Society.History|348|classification.ores.articletopic/History and Society.Military and warfare|794|classification.ores.articletopic/Geography.Regions.Europe.Eastern Europe|569|classification.ores.articletopic/Geography.Regions.Europe.Western Europe|918","Q57984","nm0171829","Kenneth Colley","not exact match",NA,NA
"Фильмография Мадонны","classification.ores.articletopic/Culture.Media.Media*|984|classification.ores.articletopic/Culture.Biography.Biography*|798|classification.ores.articletopic/Culture.Biography.Women|569|classification.ores.articletopic/Culture.Media.Films|917|recommendation.image_section/exists|1","Q2622543","nm0000187","Madonna","not exact match",NA,NA
"Список наград и номинаций Тома Хэнкса","classification.ores.articletopic/Culture.Media.Media*|798|classification.ores.articletopic/Culture.Biography.Biography*|436|classification.ores.articletopic/Culture.Media.Films|889|classification.ores.articletopic/History and Society.Society|861","Q6606947","nm0000158","Tom Hanks","not exact match",NA,NA
"Ёкота, Мэгуми","classification.ores.articletopic/Geography.Regions.Asia.East_Asia|974|classification.ores.articletopic/Culture.Biography.Biography*|998|classification.ores.articletopic/Geography.Regions.Asia.Asia*|945","Q434562","nm2143840","Megumi Yokota","not exact match",NA,NA
"DJ Yella","classification.ores.articletopic/Geography.Regions.Europe.Northern Europe|745|classification.ores.articletopic/Culture.Biography.Biography*|812|classification.ores.articletopic/Culture.Media.Media*|981|classification.ores.articletopic/Culture.Media.Music|975","Q470609","nm1422255",NA,NA,"nm1021730",NA
"Золотоискательница","classification.ores.articletopic/Culture.Literature|887|classification.ores.articletopic/Culture.Biography.Biography*|969|classification.ores.articletopic/History_and_Society.Society|672|classification.ores.articletopic/Culture.Biography.Women|997|classification.ores.articletopic/History_and_Society.History|949","Q10290445","nm0431591","Peggy Hopkins Joyce","not exact match",NA,NA
"Адажио для струнного оркестра","classification.ores.articletopic/Culture.Media.Music|737|classification.ores.articletopic/Culture.Biography.Biography*|569|classification.ores.articletopic/Culture.Media.Media*|938|recommendation.image/exists|1","Q346715","nm0053462","Samuel Barber","not exact match",NA,NA
"Мендель, Юлия Владимировна","classification.ores.articletopic/Culture.Biography.Biography*|928|classification.ores.articletopic/Geography.Regions.Europe.Eastern_Europe|917|classification.ores.articletopic/Geography.Regions.Europe.Europe*|874","Q64347078","nm8118009","Iuliia Mendel","not exact match",NA,NA
"Список олимпийских гимнасток России","classification.ores.articletopic/Culture.Biography.Women|976|classification.ores.articletopic/History and Society.Society|535|classification.ores.articletopic/Culture.Sports|998|classification.ores.articletopic/Culture.Biography.Biography*|998","Q18109060","nm1931302","Elena Dolgopolova","not exact match",NA,NA
"Болоньини, Мауро","classification.ores.articletopic/Culture.Biography.Biography*|757|classification.ores.articletopic/Geography.Regions.Europe.Europe*|818","Q53008","nm0535777",NA,NA,"nm0006615",NA
"Фильмография Кэтрин Хепбёрн","classification.ores.articletopic/Culture.Media.Films|952|classification.ores.articletopic/Culture.Media.Media*|928|classification.ores.articletopic/Culture.Biography.Biography*|500","Q3513552","nm0000031","Katharine Hepburn","not exact match",NA,NA
"Петрийчук, Светлана Александровна","classification.ores.articletopic/Culture.Biography.Biography*|961|classification.ores.articletopic/Geography.Regions.Asia.Asia*|538","Q109486607","nm6664248","Svetlana Petriychuk","not exact match",NA,NA
"Рольф, Джон","classification.ores.articletopic/Culture.Biography.Biography*|1000|classification.ores.articletopic/Geography.Regions.Americas.North_America|679","Q433948","nm0833363","Glenn Strange","not exact match",NA,NA
"Ройтфельд, Карин","classification.ores.articletopic/Culture.Biography.Biography*|990|classification.ores.articletopic/Culture.Biography.Women|892|classification.ores.articletopic/Geography.Regions.Europe.Western Europe|820|classification.ores.articletopic/Culture.Visual arts.Visual arts*|842|classification.ores.articletopic/Culture.Visual arts.Fashion|973","Q656605","nm0737710","Jacques Roitfeld","not exact match",NA,NA
"Чёрный Красавчик","classification.ores.articletopic/Culture.Media.Media*|822|classification.ores.articletopic/STEM.STEM*|766|classification.ores.articletopic/Culture.Biography.Women|523|classification.ores.articletopic/Culture.Media.Entertainment|546|classification.ores.articletopic/Culture.Media.Books|592|classification.ores.articletopic/Culture.Literature|826|classification.ores.articletopic/STEM.Biology|665|classification.ores.articletopic/Culture.Biography.Biography*|562","Q880092","nm0786564","Anna Sewell","not exact match",NA,NA
"Шарма, Ракеш","classification.ores.articletopic/Culture.Biography.Biography*|713|classification.ores.articletopic/Geography.Regions.Asia.Asia*|982|classification.ores.articletopic/STEM.STEM*|820|classification.ores.articletopic/History and Society.Transportation|261|classification.ores.articletopic/Geography.Regions.Asia.South Asia|997","Q325205","nm1121180","Kapil Sharma","not exact match",NA,NA
"Донна Мартин","classification.ores.articletopic/Culture.Media.Television|576|classification.ores.articletopic/Culture.Media.Media*|931|classification.ores.articletopic/Culture.Literature|962|classification.ores.articletopic/Culture.Media.Entertainment|773|classification.ores.articletopic/Culture.Biography.Biography*|303","Q1409866","nm0001760","Tori Spelling","not exact match",NA,NA
"Список песен Тейлор Свифт","classification.ores.articletopic/Culture.Biography.Biography*|859|classification.ores.articletopic/Culture.Media.Media*|982|classification.ores.articletopic/Culture.Media.Music|974|classification.ores.articletopic/Culture.Biography.Women|651","Q16154951","nm2357847","Taylor Swift","not exact match",NA,NA
"Britney (альбом)","classification.ores.articletopic/Culture.Media.Media*|997|classification.ores.articletopic/Culture.Media.Music|996|classification.ores.articletopic/Culture.Biography.Biography*|531|recommendation.image_section/exists|1","Q208207","nm0005453","Britney Spears","not exact match",NA,NA
"Одумегву-Оджукву, Чуквемека","classification.ores.articletopic/Geography.Regions.Africa.Africa*|880|classification.ores.articletopic/Geography.Regions.Africa.Western_Africa|672|classification.ores.articletopic/Culture.Biography.Biography*|822","Q380670","nm0645361","Odumegwu Ojukwu","not exact match",NA,NA
"Ширак, Бернадетт","classification.ores.articletopic/Geography.Regions.Europe.Western Europe|973|classification.ores.articletopic/Culture.Biography.Women|934|classification.ores.articletopic/Culture.Biography.Biography*|984|classification.ores.articletopic/Geography.Regions.Europe.Europe*|962|classification.ores.articletopic/History and Society.History|649","Q431115","nm1220466","Bernadette Chirac","not exact match",NA,NA
"Лабаки, Надин","classification.ores.articletopic/Culture.Biography.Women|659|classification.ores.articletopic/History and Society.History|135|classification.ores.articletopic/Culture.Biography.Biography*|945|classification.ores.articletopic/Geography.Regions.Asia.West Asia|251|classification.ores.articletopic/Geography.Regions.Asia.Asia*|861|classification.ores.articletopic/History and Society.Society|325","Q266539","nm1699436","Caroline Labaki","not exact match","nm1701024",NA
"Некрасова, Евгения Игоревна","classification.ores.articletopic/Culture.Biography.Biography*|907|classification.ores.articletopic/Geography.Regions.Europe.Eastern_Europe|679|classification.ores.articletopic/Geography.Regions.Europe.Europe*|847|classification.ores.articletopic/Geography.Regions.Asia.Asia*|685|classification.ores.articletopic/Geography.Regions.Asia.North_Asia|651","Q97316998","nm6492396","Katya Skakun","not exact match",NA,NA
"Севастьянов, Олег Юрьевич","classification.ores.articletopic/Culture.Biography.Biography*|685","Q120278488","nm0767909","Oleg Sevastyanov","not exact match",NA,NA
"Фрум, Крис","classification.ores.articletopic/Culture.Sports|997|classification.ores.articletopic/Culture.Biography.Biography*|896","Q319591","nm5234570","Chris Froome","not exact match",NA,NA
"Мицуко Сома","classification.ores.articletopic/Culture.Media.Films|600|classification.ores.articletopic/Geography.Regions.Asia.Asia*|904|classification.ores.articletopic/Geography.Regions.Asia.East_Asia|946|classification.ores.articletopic/Culture.Biography.Biography*|782","Q2988539","nm0441161","Reiko Kataoka","not exact match",NA,NA
"Ужинов, Олег Вячеславович","classification.ores.articletopic/Geography.Regions.Asia.Asia*|917|classification.ores.articletopic/Geography.Regions.Europe.Europe*|787|classification.ores.articletopic/Geography.Regions.Asia.North_Asia|974|classification.ores.articletopic/Geography.Regions.Europe.Eastern_Europe|957|classification.ores.articletopic/Culture.Media.Media*|531|classification.ores.articletopic/Culture.Biography.Biography*|992","Q18741362","nm2708574","Elena Uzhinova","not exact match","nm2241901",NA
"Коссофф, Пол Фрэнсис","classification.ores.articletopic/Culture.Biography.Biography*|990|classification.ores.articletopic/Culture.Media.Music|998|classification.ores.articletopic/Culture.Media.Media*|992","Q707293","nm0467311","David Kossoff","not exact match","nm1323325",NA
"Цутия, Анна","classification.ores.articletopic/Culture.Visual arts.Visual arts*|835|classification.ores.articletopic/Culture.Biography.Biography*|988|classification.ores.articletopic/Geography.Regions.Asia.East Asia|942|classification.ores.articletopic/Culture.Biography.Women|878|classification.ores.articletopic/Culture.Media.Music|138|classification.ores.articletopic/Geography.Regions.Asia.Asia*|923|recommendation.link/exists|1","Q236954","nm1822274","Joshua","not exact match","nm1665871",NA
"Фахи, Шэвон","classification.ores.articletopic/Culture.Biography.Biography*|966|classification.ores.articletopic/Culture.Media.Media*|892|classification.ores.articletopic/Culture.Media.Music|832|classification.ores.articletopic/Geography.Regions.Europe.Europe*|807|classification.ores.articletopic/Geography.Regions.Europe.Northern Europe|885|classification.ores.articletopic/Culture.Biography.Women|685|recommendation.image_section/exists|1","Q467621","nm2763930","Django Stewart","not exact match","nm0265203",NA
"Демирчян, Дереник Карапетович","classification.ores.articletopic/Geography.Regions.Asia.North Asia|488|classification.ores.articletopic/Culture.Biography.Biography*|947|classification.ores.articletopic/Geography.Regions.Asia.Asia*|974|classification.ores.articletopic/Geography.Regions.Asia.West Asia|982|classification.ores.articletopic/History and Society.Society|322","Q3646436","nm1345993","Derenik Demirchyan","not exact match",NA,NA
"Мелик-Карамов, Виталий Рачикович","classification.ores.articletopic/Culture.Biography.Biography*|983|classification.ores.articletopic/Geography.Regions.Asia.Asia*|817|classification.ores.articletopic/Geography.Regions.Asia.North_Asia|793|classification.ores.articletopic/Geography.Regions.Europe.Eastern_Europe|782|classification.ores.articletopic/Geography.Regions.Europe.Europe*|672|classification.ores.articletopic/Culture.Media.Media*|523","Q60830701","nm6053438","Vitaly Melik-Karamov","not exact match",NA,NA
"Отто, Джон (музыкант)","classification.ores.articletopic/Culture.Media.Media*|961|classification.ores.articletopic/Culture.Media.Music|974|classification.ores.articletopic/Culture.Biography.Biography*|562","Q382244","nm0653262","John Otto","not exact match",NA,NA
"Мирошниченко, Роман Максимович","classification.ores.articletopic/Culture.Media.Media*|980|classification.ores.articletopic/Culture.Media.Music|982|classification.ores.articletopic/Culture.Biography.Biography*|782","Q4296268","nm12855543","Roman Miroshnichenko","not exact match",NA,NA
"Mike + The Mechanics","classification.ores.articletopic/Culture.Media.Music|969|classification.ores.articletopic/Culture.Media.Media*|873|classification.ores.articletopic/Culture.Biography.Biography*|797","Q653632","nm0751986","Mike Rutherford","not exact match","nm3187138",NA
"Маслански, Пол","classification.ores.articletopic/Culture.Biography.Biography*|438","Q2061182","nm0556488","Sasha Maslansky","not exact match","nm0556487",NA
"Ки Сон Ён","classification.ores.articletopic/Culture.Sports|997|classification.ores.articletopic/Culture.Biography.Biography*|658","Q313083","nm1626041","Hye-jin Han","not exact match",NA,NA
"Трухильо, Рамфис","classification.ores.articletopic/Culture.Biography.Biography*|992","Q2680974","nm0586788",NA,NA,NA,NA
"Телефон полиции — 110","classification.ores.articletopic/Culture.Media.Media*|943|classification.ores.articletopic/Geography.Regions.Europe.Europe*|600|classification.ores.articletopic/Culture.Biography.Biography*|787|classification.ores.articletopic/Geography.Regions.Europe.Western_Europe|523|classification.ores.articletopic/Culture.Media.Films|692","Q698522","nm0482262","Reinhard Lakomy","not exact match","tt0806901",NA
"Воинов, Михаил Андреевич","classification.ores.articletopic/Culture.Biography.Biography*|808|classification.ores.articletopic/Culture.Media.Media*|989|classification.ores.articletopic/Geography.Regions.Europe.Europe*|607|classification.ores.articletopic/Culture.Media.Music|941|classification.ores.articletopic/Geography.Regions.Asia.Asia*|538","Q4122423","nm13548126","Mikhail Voinov","not exact match",NA,NA
"Трамп, Мэри Лия","classification.ores.articletopic/Geography.Regions.Americas.North_America|877|classification.ores.articletopic/STEM.STEM*|699|classification.ores.articletopic/History_and_Society.Society|600|classification.ores.articletopic/Culture.Biography.Biography*|993","Q96475328","nm12442236","Mary Trump","not exact match","nm7539706",NA
"Список наград и номинаций Робина Уильямса","classification.ores.articletopic/Culture.Media.Films|710|classification.ores.articletopic/Culture.Biography.Biography*|736|classification.ores.articletopic/History and Society.Society|831|classification.ores.articletopic/Culture.Media.Media*|880","Q18204412","nm0000245","Robin Williams","not exact match",NA,NA
"Нур-Джахан","classification.ores.articletopic/Culture.Biography.Biography*|890|classification.ores.articletopic/Geography.Regions.Asia.Asia*|893|classification.ores.articletopic/Geography.Regions.Asia.South_Asia|754","Q541530","nm0474940","Veena","not exact match",NA,NA
"Мёран, Викторина","classification.ores.articletopic/Geography.Regions.Europe.Western Europe|872|classification.ores.articletopic/Culture.Biography.Women|917|classification.ores.articletopic/Geography.Regions.Europe.Europe*|712|classification.ores.articletopic/Culture.Visual arts.Visual arts*|956|classification.ores.articletopic/Culture.Biography.Biography*|969|classification.ores.articletopic/History and Society.History|659","Q271273","nm0680789","Shelley Phillips","not exact match",NA,NA
"Маккойст, Алли","classification.ores.articletopic/Culture.Biography.Biography*|990|classification.ores.articletopic/Culture.Sports|994|classification.ores.articletopic/Geography.Regions.Europe.Europe*|585","Q317417","nm0566083","Ally McCoist","not exact match",NA,NA
"Киган, Эндрю","classification.ores.articletopic/Culture.Biography.Biography*|518|classification.ores.articletopic/Culture.Media.Media*|917|classification.ores.articletopic/Geography.Regions.Americas.North America|559","Q505600","nm1074284","Casey Keegan","not exact match","nm0005080",NA
"Фильмография Шер","classification.ores.articletopic/Culture.Biography.Women|714|classification.ores.articletopic/Culture.Biography.Biography*|857|classification.ores.articletopic/Culture.Media.Films|879|classification.ores.articletopic/Culture.Media.Media*|904|classification.ores.articletopic/Geography.Regions.Americas.North America|537","Q860496","nm0000098","Jennifer Aniston","not exact match",NA,NA
"Пахомова, Полина Юрьевна","classification.ores.articletopic/Culture.Media.Films|577|classification.ores.articletopic/Culture.Media.Media*|771|classification.ores.articletopic/Culture.Biography.Biography*|893","Q65128508","nm6058614","Polina Pakhomova","not exact match",NA,NA
"Цветкова, Людмила Васильевна","classification.ores.articletopic/Culture.Biography.Biography*|977|classification.ores.articletopic/Culture.Media.Films|665|classification.ores.articletopic/Culture.Media.Media*|629|classification.ores.articletopic/Geography.Regions.Europe.Europe*|577|classification.ores.articletopic/Geography.Regions.Asia.Asia*|569","Q120281364","nm0875525","Lyudmila Tsvetkova","not exact match",NA,NA
"Китовый хвост","classification.ores.articletopic/History_and_Society.Society|665|classification.ores.articletopic/Culture.Biography.Biography*|665","Q1973161","nm1597592","Mike Metropolis","not exact match",NA,NA
"Кушнер, Дэйв","classification.ores.articletopic/Culture.Media.Media*|998|classification.ores.articletopic/Culture.Media.Music|997|classification.ores.articletopic/Culture.Biography.Biography*|985","Q725765","nm1396919","Dave Kushner","not exact match",NA,NA
"Заборов, Борис Абрамович","classification.ores.articletopic/Geography.Regions.Europe.Europe*|569|classification.ores.articletopic/Culture.Biography.Biography*|987|classification.ores.articletopic/Culture.Visual_arts.Visual_arts*|839","Q2911053","nm9171376","Jeki Zaborov","not exact match",NA,NA
"Мистри, Рохинтон","classification.ores.articletopic/Culture.Biography.Biography*|1000|classification.ores.articletopic/Culture.Literature|782","Q732338","nm0592997","Rohinton Mistry","not exact match",NA,NA
"Джексон, Марк","classification.ores.articletopic/Culture.Biography.Biography*|986|classification.ores.articletopic/Culture.Sports|1000|classification.ores.articletopic/Geography.Regions.Americas.North_America|880","Q1342300","nm0171013","Desiree Coleman","not exact match",NA,NA
"Кершоу, Ян","classification.ores.articletopic/Culture.Biography.Biography*|1000|classification.ores.articletopic/Geography.Regions.Europe.Europe*|651","Q312532","nm0449960",NA,NA,NA,NA
"Johnny Hates Jazz","classification.ores.articletopic/Culture.Media.Media*|982|classification.ores.articletopic/Culture.Biography.Biography*|754|classification.ores.articletopic/Culture.Media.Music|992","Q1294961","nm3900225","Johnny Hates Jazz","match",NA,NA
"Беделл, Грейс","classification.ores.articletopic/Culture.Biography.Biography*|836|classification.ores.articletopic/History and Society.History|157|classification.ores.articletopic/Geography.Regions.Americas.North America|606","Q5591005","nm3361017","Lana Esslinger","not exact match",NA,NA
"Mr. Mister","classification.ores.articletopic/Culture.Media.Media*|777|classification.ores.articletopic/Culture.Media.Music|900|classification.ores.articletopic/Culture.Biography.Biography*|821","Q1334471","nm1663744",NA,NA,"nm1215569",NA
"Петтифер, Тигги","classification.ores.articletopic/History and Society.History|223|classification.ores.articletopic/Geography.Regions.Europe.Northern Europe|932|classification.ores.articletopic/Geography.Regions.Europe.Europe*|912|classification.ores.articletopic/Culture.Biography.Biography*|965","Q3403153","nm1366859","Eleanor Legge-Bourke","not exact match",NA,NA
"Клео Пирес","classification.ores.articletopic/Culture.Media.Media*|986|classification.ores.articletopic/Culture.Media.Films|919|classification.ores.articletopic/Geography.Regions.Americas.South_America|969|classification.ores.articletopic/Culture.Biography.Biography*|998|classification.ores.articletopic/Culture.Biography.Women|754|classification.ores.articletopic/Culture.Media.Music|569","Q2980756","nm0969931",NA,NA,"nm0166361",NA
"Козлов, Владимир Георгиевич","classification.ores.articletopic/Culture.Media.Media*|724|classification.ores.articletopic/Culture.Media.Films|787|classification.ores.articletopic/Culture.Biography.Biography*|1000","Q3561808","nm4283653","Vladimir Kozlov","not exact match","nm3269984",NA
"Сирота, Александр Ефимович","classification.ores.articletopic/Culture.Biography.Biography*|805|classification.ores.articletopic/Geography.Regions.Europe.Europe*|968|classification.ores.articletopic/Geography.Regions.Europe.Eastern Europe|987|classification.ores.articletopic/History and Society.Society|298","Q4420804","nm5216920","Aleksandr Syrota","not exact match",NA,NA
"Уилсон, Ларисса","classification.ores.articletopic/Culture.Media.Television|531|classification.ores.articletopic/Culture.Biography.Biography*|961","Q919061","nm1535380","April Pearson","not exact match","nm2354663",NA
"Барбоза, Леандро","classification.ores.articletopic/Geography.Regions.Americas.North_America|607|classification.ores.articletopic/Culture.Biography.Biography*|946|classification.ores.articletopic/Culture.Sports|999|recommendation.image_section/exists|1","Q58335","nm0271282","Samara Felippo","not exact match",NA,NA
"Умершие в июле 2021 года","classification.ores.articletopic/Culture.Biography.Biography*|880","Q107379117","nm0765930","Jacqueline Sassard","not exact match",NA,NA
"Коралловый рай","classification.ores.articletopic/Culture.Biography.Biography*|482|classification.ores.articletopic/Culture.Media.Media*|940|classification.ores.articletopic/Culture.Media.Films|995","Q2714744","nm0726166","Leni Riefenstahl","not exact match","tt0316016",NA
"Пресли, Эйман","classification.ores.articletopic/Geography.Regions.Americas.North America|641|classification.ores.articletopic/Culture.Biography.Biography*|986","Q99273871","nm3840665","Aeman Presley","not exact match",NA,NA
"More Demi Moore","classification.ores.articletopic/Culture.Media.Media*|912|classification.ores.articletopic/Culture.Media.Entertainment|572|classification.ores.articletopic/Culture.Literature|873|classification.ores.articletopic/Culture.Biography.Biography*|327|classification.ores.articletopic/Culture.Biography.Women|698","Q10544831","nm0000193","Demi Moore","not exact match",NA,NA
"Умершие в январе 2021 года","classification.ores.articletopic/Culture.Biography.Biography*|826","Q104523237","nm0587765","Diana Millay","not exact match",NA,NA
"The Divine Comedy","classification.ores.articletopic/Culture.Media.Media*|900|classification.ores.articletopic/Culture.Media.Music|820|classification.ores.articletopic/Culture.Biography.Biography*|540","Q1543686","nm0973252","Neil Hannon","not exact match",NA,NA
"Литвинова, Анна Владимировна","classification.ores.articletopic/Culture.Biography.Women|806|classification.ores.articletopic/Culture.Visual arts.Visual arts*|965|classification.ores.articletopic/Culture.Visual arts.Fashion|984|classification.ores.articletopic/History and Society.Society|532|classification.ores.articletopic/Culture.Biography.Biography*|994","Q3559626","nm2597947","Anna Litvinova","not exact match",NA,NA
"Братья Квей","classification.ores.articletopic/Culture.Biography.Biography*|368|classification.ores.articletopic/Geography.Regions.Europe.Europe*|763","Q1625290","nm0703028","Stephen Quay","not exact match",NA,NA
"Хольцкен, Ники","classification.ores.articletopic/Culture.Sports|999|classification.ores.articletopic/Culture.Biography.Biography*|988","Q7031396","nm4738503","Nieky Holzken","not exact match",NA,NA
"Тааки, Амир","classification.ores.articletopic/Culture.Biography.Biography*|801|classification.ores.articletopic/Culture.Media.Media*|691","Q4746642","nm6852799","Amir Taaki","not exact match",NA,NA
"Список наград и номинаций Дэвида Боуи","classification.ores.articletopic/Culture.Biography.Biography*|803|classification.ores.articletopic/Culture.Media.Media*|741|classification.ores.articletopic/Culture.Media.Music|642|classification.ores.articletopic/History and Society.Society|374","Q1628799","nm0000309","David Bowie","not exact match",NA,NA
"Кук, Дэвид","classification.ores.articletopic/Culture.Media.Music|991|classification.ores.articletopic/Culture.Media.Media*|956|classification.ores.articletopic/Culture.Biography.Biography*|956|classification.ores.articletopic/Geography.Regions.Americas.North America|910","Q310580","nm2922672",NA,NA,"nm2492967",NA
"Фильмография Джона Уэйна","classification.ores.articletopic/Culture.Media.Media*|998|classification.ores.articletopic/Culture.Media.Films|998|classification.ores.articletopic/Culture.Biography.Biography*|500","Q1702117","nm0000078","John Wayne","not exact match",NA,NA
"Список наград и номинаций Мадонны","classification.ores.articletopic/History and Society.Society|384|classification.ores.articletopic/Culture.Biography.Biography*|708|classification.ores.articletopic/Culture.Media.Music|900|classification.ores.articletopic/Culture.Media.Media*|909","Q2636330","nm0000187","Madonna","not exact match",NA,NA
"Памела Барнс Юинг","classification.ores.articletopic/Culture.Media.Television|996|classification.ores.articletopic/Culture.Media.Entertainment|895|classification.ores.articletopic/Culture.Media.Media*|970|classification.ores.articletopic/Culture.Biography.Biography*|356","Q666167","nm0000595","Victoria Principal","not exact match",NA,NA
"Бисенгалиев, Марат Саметович","classification.ores.articletopic/Culture.Media.Media*|921|classification.ores.articletopic/Culture.Media.Music|887|classification.ores.articletopic/Culture.Biography.Biography*|793","Q2380553","nm4752015","Aruhan Galieva","not exact match",NA,NA
"Список серий аниме «Знаток муси»","classification.ores.articletopic/Culture.Biography.Biography*|896","Q6495244","nm0557928","Toshio Masuda","not exact match",NA,NA
"Список наград и номинаций Бейонсе","classification.ores.articletopic/Culture.Media.Music|760|classification.ores.articletopic/Culture.Biography.Biography*|749|classification.ores.articletopic/Culture.Media.Media*|971|classification.ores.articletopic/Culture.Biography.Women|629","Q1511192","nm0461498","Beyoncé","not exact match",NA,NA
"Леоне, Франческа","classification.ores.articletopic/Geography.Regions.Europe.Europe*|622|classification.ores.articletopic/Culture.Biography.Biography*|976","Q13897753","nm1269187","Francesca Leone","not exact match",NA,NA
"Маль, Фредерик","classification.ores.articletopic/Geography.Regions.Europe.Western Europe|830|classification.ores.articletopic/Geography.Regions.Europe.Europe*|727|classification.ores.articletopic/Culture.Visual arts.Fashion|990|classification.ores.articletopic/Culture.Biography.Biography*|943|classification.ores.articletopic/Culture.Visual arts.Visual arts*|947|recommendation.link/exists|1","Q3090004","nm4372493","Jean-François Malle","not exact match",NA,NA
"Сулье, Фредерик","classification.ores.articletopic/Geography.Regions.Europe.Europe*|843|classification.ores.articletopic/Geography.Regions.Europe.Western_Europe|874|classification.ores.articletopic/Culture.Literature|705|classification.ores.articletopic/Culture.Biography.Biography*|771","Q2031275","nm3174201","Frédéric Soulié","not exact match",NA,NA
"Шварц, Джеффри","classification.ores.articletopic/STEM.Medicine & Health|859|classification.ores.articletopic/STEM.STEM*|920|classification.ores.articletopic/Culture.Biography.Biography*|326|recommendation.link/exists|1","Q4521645","nm1851419","Jeffrey M. Schwartz","not exact match",NA,NA
"Эми Чуа","classification.ores.articletopic/Culture.Literature|894|classification.ores.articletopic/Culture.Biography.Women|960|classification.ores.articletopic/Geography.Regions.Americas.North America|679|classification.ores.articletopic/Culture.Biography.Biography*|980","Q463882","nm4293875","Amy Chua","not exact match",NA,NA
"Golden (альбом Кайли Миноуг)","classification.ores.articletopic/Culture.Media.Media*|998|classification.ores.articletopic/Culture.Biography.Women|615|classification.ores.articletopic/Geography.Regions.Oceania|926|classification.ores.articletopic/Culture.Media.Music|999|classification.ores.articletopic/Culture.Biography.Biography*|569","Q47459695","nm0001541","Kylie Minogue","not exact match",NA,NA
"Juicy","classification.ores.articletopic/Culture.Media.Music|991|classification.ores.articletopic/Culture.Biography.Biography*|295|classification.ores.articletopic/Culture.Media.Media*|973","Q2701727","nm0857263","The Notorious B.I.G.","not exact match",NA,NA
"Умершие в октябре 2020 года","classification.ores.articletopic/Culture.Biography.Biography*|847","Q99638855","nm2210461","Kimberly Adair","not exact match",NA,NA
"Рипштейн, Артуро","classification.ores.articletopic/Geography.Regions.Americas.North_America|826|classification.ores.articletopic/Culture.Media.Films|672|classification.ores.articletopic/Culture.Biography.Biography*|847|classification.ores.articletopic/Culture.Media.Media*|787","Q715461","nm0741947","Daniela Rosen","not exact match","nm0728149",NA
"Умершие в июле 2020 года","classification.ores.articletopic/Culture.Biography.Biography*|914","Q96647731","nm1030669","Henry Krtschil","not exact match",NA,NA
"Рита (израильская певица)","classification.ores.articletopic/Culture.Media.Media*|899|classification.ores.articletopic/Geography.Regions.Asia.West_Asia|803|classification.ores.articletopic/Culture.Biography.Biography*|978|classification.ores.articletopic/Geography.Regions.Asia.Asia*|831|classification.ores.articletopic/Culture.Media.Music|851|classification.ores.articletopic/Culture.Biography.Women|863","Q298205","nm1514929",NA,NA,"nm0268608",NA
"DJ Колетт","classification.ores.articletopic/Culture.Biography.Biography*|923|classification.ores.articletopic/Culture.Media.Music|988|classification.ores.articletopic/Geography.Regions.Americas.North America|627|classification.ores.articletopic/Culture.Biography.Women|750|classification.ores.articletopic/Culture.Media.Media*|958","Q3560541","nm1384494","DJ Colette","not exact match",NA,NA
"Умершие в сентябре 2017 года","classification.ores.articletopic/Culture.Biography.Biography*|855","Q38170671","nm0062420","Elizabeth Baur","not exact match",NA,NA
"Хёрд, Дуглас","classification.ores.articletopic/Geography.Regions.Europe.Northern_Europe|874|classification.ores.articletopic/History_and_Society.Politics_and_government|998|classification.ores.articletopic/Geography.Regions.Europe.Europe*|808|classification.ores.articletopic/Culture.Biography.Biography*|991","Q337375","nm1268851","Douglas Hurd","not exact match",NA,NA
"Миларепа (фильм)","classification.ores.articletopic/Geography.Regions.Asia.South Asia|455|classification.ores.articletopic/Culture.Biography.Biography*|304|classification.ores.articletopic/Geography.Regions.Asia.Asia*|875","Q1388118","nm0874661","Lhakpa Tsamchoe","not exact match","tt0499238",NA
"Stars (группа)","classification.ores.articletopic/Culture.Media.Media*|986|classification.ores.articletopic/Culture.Biography.Biography*|817|classification.ores.articletopic/Culture.Media.Music|986","Q2486414","nm0656825","Bruce Michael Paine","not exact match",NA,NA
"Джон Фокс (певец)","classification.ores.articletopic/Culture.Media.Media*|995|classification.ores.articletopic/Culture.Biography.Biography*|977|classification.ores.articletopic/Culture.Media.Music|998","Q953768","nm0289354","John Foxx","not exact match",NA,NA
"Рик Джаффа и Аманда Сильвер","classification.ores.articletopic/Culture.Media.Films|992|classification.ores.articletopic/Geography.Regions.Americas.North_America|615|classification.ores.articletopic/Culture.Media.Media*|991|classification.ores.articletopic/Culture.Biography.Biography*|893","Q7331479","nm0798646","Amanda Silver","not exact match",NA,NA
"Карачобану, Думитру Савельевич","classification.ores.articletopic/Geography.Regions.Europe.Europe*|859|classification.ores.articletopic/Culture.Media.Media*|523|classification.ores.articletopic/Geography.Regions.Europe.Eastern_Europe|847|classification.ores.articletopic/Culture.Media.Films|615|classification.ores.articletopic/Culture.Biography.Biography*|951","Q15944952","nm1539726",NA,NA,"nm1287609",NA
"Саидзода, Саловати Хокиро","classification.ores.articletopic/Culture.Sports|611|classification.ores.articletopic/History and Society.Society|528|classification.ores.articletopic/Culture.Biography.Biography*|986","Q60830813","nm11215667","Salovati Saidzoda","not exact match",NA,NA
"Никасо, Антонио","classification.ores.articletopic/Geography.Regions.Europe.Europe*|622|classification.ores.articletopic/History_and_Society.Politics_and_government|887|classification.ores.articletopic/Culture.Biography.Biography*|997|classification.ores.articletopic/Geography.Regions.Europe.Southern_Europe|637","Q3619948","nm4150392","Antonio Nicaso","not exact match",NA,NA
"Палмер, Берта","classification.ores.articletopic/Geography.Regions.Americas.North_America|946|classification.ores.articletopic/Culture.Biography.Biography*|1000|classification.ores.articletopic/Culture.Biography.Women|787","Q474672","nm1908551","Amelia Dellos","not exact match",NA,NA
"The Civil Wars","classification.ores.articletopic/Culture.Biography.Biography*|914|classification.ores.articletopic/Culture.Media.Music|914|classification.ores.articletopic/Geography.Regions.Americas.North_America|724|classification.ores.articletopic/Culture.Media.Media*|926","Q1240655","nm1635877","Joy Williams","not exact match",NA,NA
"Данн, Колин","classification.ores.articletopic/Geography.Regions.Europe.Europe*|713|classification.ores.articletopic/Geography.Regions.Europe.Northern Europe|733|classification.ores.articletopic/Culture.Biography.Biography*|984|classification.ores.articletopic/Culture.Media.Music|697|classification.ores.articletopic/Culture.Performing arts|860","Q2982592","nm0242834","Colin Dunne","not exact match",NA,NA
"Ливерис, Эндрю","classification.ores.articletopic/History and Society.Business and economics|878|classification.ores.articletopic/History and Society.Politics and government|593|classification.ores.articletopic/Culture.Biography.Biography*|958|classification.ores.articletopic/Geography.Regions.Oceania|197|classification.ores.articletopic/STEM.STEM*|609|classification.ores.articletopic/Culture.Sports|36","Q83636","nm6082469","Andrew N. Liveris","not exact match",NA,NA
"Дибус, Денеш","classification.ores.articletopic/Geography.Regions.Europe.Eastern_Europe|951|classification.ores.articletopic/Geography.Regions.Europe.Europe*|855|classification.ores.articletopic/Culture.Biography.Biography*|977|classification.ores.articletopic/Culture.Sports|990","Q905023","nm8242875","Dénes Dibusz","not exact match",NA,NA
"Maxinquaye","classification.ores.articletopic/Culture.Biography.Biography*|318|classification.ores.articletopic/Culture.Media.Music|978|classification.ores.articletopic/Culture.Media.Media*|972","Q1092867","nm0872635","Tricky","not exact match",NA,NA
"Экранизации произведений Ромена Гари","classification.ores.articletopic/Culture.Media.Media*|968|classification.ores.articletopic/Culture.Media.Films|948|classification.ores.articletopic/Culture.Biography.Biography*|914|classification.ores.articletopic/Geography.Regions.Europe.Western_Europe|718|classification.ores.articletopic/Geography.Regions.Europe.Europe*|644","Q4530500","nm0002087","Samuel Fuller","not exact match",NA,NA
"Каверет","classification.ores.articletopic/Culture.Media.Media*|998|classification.ores.articletopic/Culture.Media.Television|992|classification.ores.articletopic/Geography.Regions.Asia.West_Asia|999|classification.ores.articletopic/Geography.Regions.Asia.Asia*|998|classification.ores.articletopic/Culture.Biography.Biography*|712|classification.ores.articletopic/Culture.Media.Music|960","Q898073","nm0332807","Gidi Gov","not exact match","nm1487933",NA
"Митфорд, Томас","classification.ores.articletopic/Culture.Biography.Biography*|994|classification.ores.articletopic/Geography.Regions.Europe.Europe*|500","Q41751652","nm1769802","Tom Mitford","not exact match",NA,NA
"Easy Mo Bee","classification.ores.articletopic/Culture.Biography.Biography*|637|classification.ores.articletopic/Culture.Media.Media*|994|classification.ores.articletopic/Culture.Media.Music|989","Q1278365","nm2575683","Easy Mo Bee","match",NA,NA
"Умершие в июне 2021 года","classification.ores.articletopic/Culture.Biography.Biography*|919","Q106808878","nm0150720","Michael Champion","not exact match",NA,NA
"Фала (собака)","classification.ores.articletopic/Culture.Biography.Biography*|975|classification.ores.articletopic/Geography.Regions.Americas.North_America|731","Q1393864","nm1994224","Whiskers","not exact match",NA,NA
"Шеффер, Джефф","classification.ores.articletopic/Culture.Media.Media*|941|classification.ores.articletopic/Culture.Media.Films|500|classification.ores.articletopic/Culture.Biography.Biography*|988|classification.ores.articletopic/Geography.Regions.Americas.North_America|731","Q6174898","nm0769831","Greg Schaffer","not exact match","nm0769840",NA
"Чолакоглу, Озан","classification.ores.articletopic/Culture.Media.Music|361|classification.ores.articletopic/Culture.Media.Media*|789|classification.ores.articletopic/Culture.Biography.Biography*|901","Q722100","nm1738823","Ozan Çolakoglu","not exact match",NA,NA
"Умершие в октябре 2018 года","classification.ores.articletopic/Culture.Biography.Biography*|880","Q47554546","nm0849042","Nobuo Tanaka","not exact match",NA,NA
"Умершие в мае 2020 года","classification.ores.articletopic/Culture.Biography.Biography*|867|recommendation.link/exists|1","Q91915785","nm0795327","Leonid Shponko","not exact match",NA,NA
"Вайсфельд, Арнольд Михайлович","classification.ores.articletopic/Geography.Regions.Europe.Eastern_Europe|936|classification.ores.articletopic/Culture.Media.Films|928|classification.ores.articletopic/Geography.Regions.Europe.Europe*|847|classification.ores.articletopic/Culture.Media.Media*|843|classification.ores.articletopic/Culture.Biography.Biography*|615|classification.ores.articletopic/Geography.Regions.Asia.Asia*|515","Q4102567","nm0883300","Arnold Vaisfeld","not exact match",NA,NA
"Корзайн, Джон","classification.ores.articletopic/Geography.Regions.Americas.North America|972|classification.ores.articletopic/History and Society.Business and economics|406|classification.ores.articletopic/Culture.Biography.Biography*|713|classification.ores.articletopic/History and Society.Education|414|classification.ores.articletopic/History and Society.Politics and government|812","Q380570","nm1578851","Jon Corzine","not exact match",NA,NA
"Харпер, Марк","classification.ores.articletopic/Culture.Biography.Biography*|957|classification.ores.articletopic/History_and_Society.Politics_and_government|988|classification.ores.articletopic/Geography.Regions.Europe.Europe*|839|classification.ores.articletopic/Geography.Regions.Europe.Northern_Europe|859","Q478276","nm6026270","Mark Harper","not exact match",NA,NA
"Умершие в ноябре 2017 года","classification.ores.articletopic/Culture.Biography.Biography*|760","Q42393213","nm0636011","Heather North","not exact match",NA,NA
"Умершие в октябре 2010 года","classification.ores.articletopic/Culture.Biography.Biography*|863|recommendation.image/exists|1","Q2672360","nm0533672","Janet MacLachlan","not exact match",NA,NA
"Montrose (альбом)","classification.ores.articletopic/Culture.Media.Music|1000|classification.ores.articletopic/Culture.Media.Media*|1000|classification.ores.articletopic/Culture.Biography.Biography*|760","Q3322964","nm0353271","Sammy Hagar","not exact match",NA,NA
"Уилдон, Кристофер","classification.ores.articletopic/Culture.Performing arts|999|classification.ores.articletopic/Culture.Biography.Biography*|569|recommendation.link/exists|1","Q2966661","nm0923755","Christopher Wheeldon","not exact match",NA,NA
"Тодд, Колин","classification.ores.articletopic/Culture.Biography.Biography*|949|classification.ores.articletopic/Geography.Regions.Europe.Northern_Europe|622|classification.ores.articletopic/Geography.Regions.Europe.Europe*|622|classification.ores.articletopic/Culture.Sports|999","Q742783","nm1316032","Colin Todd","not exact match",NA,NA
"Фильмография Бориса Карлоффа","classification.ores.articletopic/Culture.Media.Television|586|classification.ores.articletopic/Culture.Media.Media*|987|classification.ores.articletopic/Culture.Media.Films|629|classification.ores.articletopic/Culture.Biography.Biography*|310","Q4484390","nm0000472","Boris Karloff","not exact match",NA,NA
"Умершие в ноябре 2008 года","classification.ores.articletopic/Culture.Biography.Biography*|406|recommendation.image/exists|1","Q157829","nm0806020","Tiffany Sloan","not exact match",NA,NA
"Ральф, Елена","classification.ores.articletopic/Culture.Visual arts.Visual arts*|844|classification.ores.articletopic/Culture.Biography.Biography*|911|classification.ores.articletopic/Geography.Regions.Asia.West Asia|976|classification.ores.articletopic/Geography.Regions.Asia.Asia*|911","Q2901823","nm1972733","Elena Ralph","not exact match",NA,NA
"Lord Finesse","classification.ores.articletopic/Culture.Media.Media*|997|classification.ores.articletopic/Culture.Biography.Biography*|867|classification.ores.articletopic/Culture.Media.Music|998","Q711978","nm0277713","Lord Finesse","match",NA,NA
"Пургалина, Эсфирь Яковлевна","classification.ores.articletopic/Culture.Media.Music|1000|classification.ores.articletopic/Culture.Media.Media*|998|classification.ores.articletopic/Culture.Biography.Biography*|993|classification.ores.articletopic/Culture.Biography.Women|975|classification.ores.articletopic/Geography.Regions.Asia.Asia*|912|classification.ores.articletopic/Geography.Regions.Asia.North_Asia|651|classification.ores.articletopic/Geography.Regions.Europe.Eastern_Europe|531","Q109411819","nm11431315","Esfir Purgalina","not exact match",NA,NA
"Магда","classification.ores.articletopic/Culture.Biography.Women|916|classification.ores.articletopic/Culture.Biography.Biography*|976|classification.ores.articletopic/Geography.Regions.Africa.Africa*|996|classification.ores.articletopic/Geography.Regions.Africa.Northern Africa|997","Q3276643","nm0535777",NA,NA,"nm0436527",NA
"Haggar Clothing","classification.ores.articletopic/Geography.Regions.Americas.North America|597|classification.ores.articletopic/History and Society.Business and economics|851|classification.ores.articletopic/Culture.Sports|64|classification.ores.articletopic/Culture.Biography.Biography*|498|recommendation.link/exists|1","Q5638669","nm0000237","John Travolta","not exact match",NA,NA
"Игуне, Валери","classification.ores.articletopic/Geography.Regions.Europe.Europe*|600|classification.ores.articletopic/Culture.Biography.Biography*|999|classification.ores.articletopic/Geography.Regions.Europe.Western_Europe|831","Q3554270","nm6865204","Valérie Igounet","not exact match",NA,NA
"Рипли, Роберт","classification.ores.articletopic/Geography.Regions.Americas.North America|545|classification.ores.articletopic/Culture.Biography.Biography*|981","Q732327","nm0730849","Beatrice Roberts","not exact match",NA,NA
"Мартини, Ангела","classification.ores.articletopic/Culture.Visual arts.Visual arts*|977|classification.ores.articletopic/Culture.Biography.Women|726|classification.ores.articletopic/Culture.Visual arts.Fashion|684|classification.ores.articletopic/Culture.Biography.Biography*|988|recommendation.link/exists|1","Q2456128","nm1989579","Angela Martini","not exact match",NA,NA
"Умершие в марте 2020 года","classification.ores.articletopic/Culture.Biography.Biography*|798","Q85544313","nm0765767","Kiyoshi Sasabe","not exact match",NA,NA
"Умершие в августе 2018 года","classification.ores.articletopic/Culture.Biography.Biography*|843","Q47554517","nm0201673","Barbara Darrow","not exact match",NA,NA
"Дами, Элизабетта","classification.ores.articletopic/Culture.Biography.Women|829|classification.ores.articletopic/Culture.Literature|733|classification.ores.articletopic/Culture.Biography.Biography*|986","Q1749076","nm4819505","Elisabetta Dami","not exact match",NA,NA
"Умершие в сентябре 2018 года","classification.ores.articletopic/Culture.Biography.Biography*|899","Q47554531","nm0593523","Laurie Mitchell","not exact match",NA,NA
"Умершие в декабре 2014 года","classification.ores.articletopic/Culture.Biography.Biography*|930","Q18593587","nm0232574","Yolande Donlan","not exact match",NA,NA
"Умершие в марте 2016 года","classification.ores.articletopic/Culture.Biography.Biography*|884","Q22965980","nm0687507","Louise Plowright","not exact match",NA,NA
"Таныкпаева, Алия","classification.ores.articletopic/Culture.Biography.Biography*|1000|classification.ores.articletopic/Culture.Performing_arts|998|classification.ores.articletopic/Geography.Regions.Europe.Eastern_Europe|884|classification.ores.articletopic/Culture.Biography.Women|877|classification.ores.articletopic/Geography.Regions.Europe.Europe*|754","Q112989570","nm2520464","Aliya Tanikpaeva","not exact match",NA,NA
"Джинголд, Гермиона","classification.ores.articletopic/Culture.Biography.Biography*|990|classification.ores.articletopic/Culture.Performing arts|955|classification.ores.articletopic/Culture.Media.Music|241|classification.ores.articletopic/Culture.Biography.Women|822|classification.ores.articletopic/History and Society.History|423","Q293067","nm0212943","Roy Dean","not exact match","nm0320006",NA
"Умершие в декабре 2011 года","classification.ores.articletopic/Culture.Biography.Biography*|843","Q158364","nm0792808","Euclid James 'Motorhead' Sherwood","not exact match",NA,NA
"Smell-O-Vision","classification.ores.articletopic/Culture.Media.Media*|855|classification.ores.articletopic/Geography.Regions.Americas.North_America|986|classification.ores.articletopic/Culture.Media.Films|945|classification.ores.articletopic/Culture.Biography.Biography*|793|recommendation.image/exists|1","Q362072","nm0490667","Hans Laube","not exact match",NA,NA
"Андриссен, Хендрик","classification.ores.articletopic/Culture.Media.Media*|984|classification.ores.articletopic/Culture.Media.Music|987|classification.ores.articletopic/Culture.Biography.Biography*|941","Q1605020","nm0028990","Jurriaan Andriessen","not exact match",NA,NA
"Джордж Захариас","classification.ores.articletopic/Culture.Sports|349|classification.ores.articletopic/Culture.Biography.Biography*|970","Q5546627","nm4956166","George Zaharias","not exact match",NA,NA
"Умершие в июне 2014 года","classification.ores.articletopic/Culture.Biography.Biography*|859","Q17043626","nm0822994","Marjorie Stapp","not exact match",NA,NA
"Корологос, Том","classification.ores.articletopic/Geography.Regions.Americas.North America|904|classification.ores.articletopic/Culture.Biography.Biography*|984","Q3530677","nm1040542","Mike Korologos","not exact match",NA,NA
"Елинян, Рипсиме","classification.ores.articletopic/Culture.Biography.Biography*|998|classification.ores.articletopic/Culture.Media.Music|997|classification.ores.articletopic/Culture.Media.Media*|996|classification.ores.articletopic/Geography.Regions.Asia.West_Asia|803|classification.ores.articletopic/Geography.Regions.Asia.Asia*|782|classification.ores.articletopic/Culture.Biography.Women|672","Q116695577","nm13047806","Hripsime Yelinyan","not exact match",NA,NA
"Умершие в феврале 2016 года","classification.ores.articletopic/Culture.Biography.Biography*|822","Q22343001","nm0485683","Archie Lang","not exact match",NA,NA
"Список наград и номинаций Куинси Джонса","classification.ores.articletopic/Culture.Media.Media*|889|classification.ores.articletopic/History and Society.Society|384|classification.ores.articletopic/Culture.Media.Music|930|classification.ores.articletopic/Culture.Biography.Biography*|850","Q393026","nm0005065","Quincy Jones","not exact match",NA,NA
"Линкольн, Бланш","classification.ores.articletopic/History and Society.Politics and government|970|classification.ores.articletopic/Geography.Regions.Americas.North America|940|classification.ores.articletopic/History and Society.History|491|classification.ores.articletopic/Culture.Biography.Biography*|763","Q237681","nm0005116","Mary Lambert","not exact match",NA,NA
"Ходжаев, Куллук","classification.ores.articletopic/Geography.Regions.Asia.Asia*|914|classification.ores.articletopic/Geography.Regions.Europe.Eastern_Europe|760|classification.ores.articletopic/Culture.Biography.Biography*|712|classification.ores.articletopic/Geography.Regions.Asia.Central_Asia|692|classification.ores.articletopic/Geography.Regions.Asia.North_Asia|672","Q112989542","nm1464220","Gulluk Khodzhayev","not exact match",NA,NA
"Парменов, Кирилл Александрович","classification.ores.articletopic/Culture.Media.Media*|515|classification.ores.articletopic/Geography.Regions.Europe.Europe*|629|classification.ores.articletopic/Culture.Biography.Biography*|960","Q60830802","nm9078659","Kirill Parmenov","not exact match",NA,NA
"Бересфорд, Джек","classification.ores.articletopic/Geography.Regions.Europe.Europe*|711|classification.ores.articletopic/Culture.Sports|999|classification.ores.articletopic/Geography.Regions.Europe.Northern Europe|757|classification.ores.articletopic/Culture.Biography.Biography*|952","Q970076","nm0073596","Jack Beresford","not exact match",NA,NA
"Умершие в июне 2013 года","classification.ores.articletopic/Culture.Biography.Biography*|835","Q13412294","nm0879726","Marc van Uchelen","not exact match",NA,NA
"Умершие в августе 2017 года","classification.ores.articletopic/Culture.Biography.Biography*|803","Q34223760","nm0632765","Shôgorô Nishimura","not exact match",NA,NA
"Вирджиния Харрисон","classification.ores.articletopic/Culture.Biography.Biography*|907|classification.ores.articletopic/Culture.Media.Media*|577|classification.ores.articletopic/Geography.Regions.Americas.North_America|515|classification.ores.articletopic/Culture.Biography.Women|629|classification.ores.articletopic/Culture.Literature|737","Q17021727","nm0005051","Dominique Jennings","not exact match",NA,NA
"Хасимото, Рики","classification.ores.articletopic/Geography.Regions.Asia.Asia*|938|classification.ores.articletopic/Culture.Sports|91|classification.ores.articletopic/Culture.Media.Films|312|classification.ores.articletopic/Culture.Biography.Biography*|416","Q11543854","nm0395963",NA,NA,"nm0368041",NA
"All City","classification.ores.articletopic/Culture.Media.Music|1000|classification.ores.articletopic/Culture.Biography.Biography*|569|classification.ores.articletopic/Culture.Media.Media*|1000","Q4728661","nm9961847","All City","match",NA,NA
"Фрике, Флориан","classification.ores.articletopic/Culture.Media.Music|859|classification.ores.articletopic/Culture.Biography.Biography*|983|classification.ores.articletopic/Geography.Regions.Europe.Western Europe|719|classification.ores.articletopic/Culture.Media.Media*|859","Q521845","nm0691311","Popol Vuh","not exact match","nm0294813",NA
"Умершие в июле 2012 года","classification.ores.articletopic/Culture.Biography.Biography*|863","Q892041","nm0675535","Fern Persons","not exact match",NA,NA
"Шеридан, Крисс","classification.ores.articletopic/Culture.Biography.Biography*|619","Q47463329","nm4397015","Kriss Sheridan","not exact match",NA,NA
"Бэйм, Эй Джей","classification.ores.articletopic/Culture.Biography.Biography*|988|classification.ores.articletopic/Geography.Regions.Americas.North_America|585","Q32538635","nm4859003","A.J. Baime","not exact match",NA,NA
"Умершие в феврале 1997 года","classification.ores.articletopic/Culture.Biography.Biography*|334","Q4475449","nm0414310","Adrian Jacobs","not exact match",NA,NA
"Нвачукву, Обинна","classification.ores.articletopic/Geography.Regions.Africa.Africa*|808|classification.ores.articletopic/Geography.Regions.Africa.Western_Africa|705|classification.ores.articletopic/Culture.Biography.Biography*|1000|classification.ores.articletopic/Culture.Sports|1000","Q7074968","nm10414454","Obinna Nwachukwu","not exact match",NA,NA
"Яновер, Давид Захарович","classification.ores.articletopic/Culture.Biography.Biography*|999|classification.ores.articletopic/Culture.Media.Films|793|classification.ores.articletopic/Culture.Media.Media*|724|classification.ores.articletopic/Geography.Regions.Europe.Eastern_Europe|705|classification.ores.articletopic/Geography.Regions.Europe.Europe*|685","Q4538160","nm1230861",NA,NA,"nm0946240",NA
"Бонюшко, Алиция","classification.ores.articletopic/Geography.Regions.Europe.Europe*|988|classification.ores.articletopic/Culture.Biography.Biography*|967|classification.ores.articletopic/Culture.Biography.Women|798|classification.ores.articletopic/Geography.Regions.Europe.Eastern Europe|996|classification.ores.articletopic/History and Society.History|356","Q1279312","nm0094728","Alicja Boniuszko","not exact match",NA,NA
"Умершие в марте 2015 года","classification.ores.articletopic/Culture.Biography.Biography*|904","Q19364360","nm0871707","Franek Trefalt","not exact match",NA,NA
"Уоттс, Роберт (художник)","classification.ores.articletopic/Culture.Visual_arts.Visual_arts*|743|classification.ores.articletopic/Geography.Regions.Americas.North_America|793|classification.ores.articletopic/Culture.Biography.Biography*|991","Q2159143","nm0532909","George Maciunas","not exact match",NA,NA
"Старбак, Робби","classification.ores.articletopic/Culture.Biography.Biography*|971|classification.ores.articletopic/Culture.Media.Media*|904|classification.ores.articletopic/Culture.Media.Music|771|classification.ores.articletopic/Culture.Media.Films|600|classification.ores.articletopic/Geography.Regions.Americas.North_America|592","Q3938186","nm4578440","Robby Starbuck","not exact match",NA,NA
"Мамдани, Махмуд","classification.ores.articletopic/Culture.Biography.Biography*|996|classification.ores.articletopic/Geography.Regions.Africa.Africa*|515","Q723502","nm0541052","Mahmood Mamdani","not exact match",NA,NA
"Умершие в августе 2014 года","classification.ores.articletopic/Culture.Biography.Biography*|917","Q17464629","nm0251210","Jerome Ehlers","not exact match",NA,NA
"Зубарева, Елена Ивановна","classification.ores.articletopic/Culture.Media.Music|605|classification.ores.articletopic/Culture.Biography.Women|778|classification.ores.articletopic/Culture.Biography.Biography*|992|classification.ores.articletopic/History and Society.History|217","Q5359153","nm5123761","Elena Zoubareva","not exact match",NA,NA
"Ривз, Николас","classification.ores.articletopic/Culture.Biography.Biography*|972|classification.ores.articletopic/History and Society.History|428","Q1167357","nm0716270","Nicholas Reeves","not exact match",NA,NA
"Джарек, Кеннет","classification.ores.articletopic/Culture.Media.Media*|711|classification.ores.articletopic/Culture.Biography.Biography*|976","Q6390260","nm5388526","Ken Jarecke","not exact match",NA,NA
"Ливингстон, Дженни","classification.ores.articletopic/History_and_Society.Society|585|classification.ores.articletopic/Culture.Media.Films|651|classification.ores.articletopic/Culture.Biography.Biography*|946|classification.ores.articletopic/Culture.Media.Media*|831","Q6178010","nm9082214","Jonas Livingston","not exact match","nm0515255",NA
"Сент-Клер Эрскин, Питер, 7-й граф Росслин","classification.ores.articletopic/Geography.Regions.Europe.Europe*|507|classification.ores.articletopic/Culture.Biography.Biography*|983","Q2078437","nm4122818","Alice St. Clair","not exact match",NA,NA
"Список наград и номинаций Ферги","classification.ores.articletopic/Culture.Biography.Biography*|351|classification.ores.articletopic/History and Society.Society|615|classification.ores.articletopic/Culture.Media.Music|638|classification.ores.articletopic/Culture.Media.Media*|653","Q1829455","nm0004914","Fergie","not exact match",NA,NA
"Парсегян, Ара","classification.ores.articletopic/Culture.Biography.Biography*|935|classification.ores.articletopic/Geography.Regions.Americas.North America|908|classification.ores.articletopic/Culture.Sports|992","Q623595","nm1528285","Ara Parseghian","not exact match",NA,NA
"Бернак, Пьер","classification.ores.articletopic/Culture.Media.Media*|956|classification.ores.articletopic/Culture.Biography.Biography*|848|classification.ores.articletopic/Geography.Regions.Europe.Europe*|682|classification.ores.articletopic/Culture.Media.Music|986|classification.ores.articletopic/Geography.Regions.Europe.Western Europe|925","Q1638010","nm0078108","Pierre Bertin","not exact match",NA,NA
"Пихос, Пит","classification.ores.articletopic/Geography.Regions.Americas.North America|895|classification.ores.articletopic/Culture.Sports|922|classification.ores.articletopic/Culture.Biography.Biography*|974","Q1368526","nm1822464","Pete Pihos","not exact match",NA,NA
"Фелкер, Клай","classification.ores.articletopic/Culture.Media.Media*|983|classification.ores.articletopic/Culture.Media.Entertainment|933|classification.ores.articletopic/Geography.Regions.Americas.North America|649|classification.ores.articletopic/Culture.Literature|958|classification.ores.articletopic/Culture.Biography.Biography*|971","Q5129898","nm2494049","Clay Felker","not exact match",NA,NA
"Кинематограф Сомали","classification.ores.articletopic/Geography.Regions.Africa.Eastern Africa|999|classification.ores.articletopic/Geography.Regions.Africa.Africa*|998|classification.ores.articletopic/Culture.Biography.Biography*|353","Q5120794","nm1862428","Nathan Collett","not exact match",NA,NA
"Петина, Ирра","classification.ores.articletopic/Culture.Performing arts|998|classification.ores.articletopic/Culture.Biography.Women|656|classification.ores.articletopic/Culture.Biography.Biography*|986|classification.ores.articletopic/Culture.Media.Music|971|classification.ores.articletopic/History and Society.History|415","Q6073508","nm0677527","Irra Petina","not exact match",NA,NA
"Веспа, Бруно","classification.ores.articletopic/Geography.Regions.Europe.Europe*|855|classification.ores.articletopic/Culture.Biography.Biography*|979|classification.ores.articletopic/Geography.Regions.Europe.Southern_Europe|917","Q1060134","nm1729422","Bruno Vespa","not exact match",NA,NA
"Оперная компания Карла Розы","classification.ores.articletopic/Culture.Performing arts|997|classification.ores.articletopic/Culture.Media.Media*|971|classification.ores.articletopic/Culture.Media.Music|993|classification.ores.articletopic/Culture.Biography.Biography*|530|recommendation.link/exists|1","Q5040728","nm1788632","Peter Molloy","not exact match",NA,NA
"Шварц, Отто Константинович","classification.ores.articletopic/Culture.Media.Music|367|classification.ores.articletopic/Culture.Biography.Biography*|943","Q112521684","nm12660744","Otto K. Schwarz","not exact match",NA,NA
"Лотт, Стив","classification.ores.articletopic/Culture.Media.Media*|569|classification.ores.articletopic/Culture.Biography.Biography*|887|classification.ores.articletopic/Geography.Regions.Americas.North_America|585|classification.ores.articletopic/Culture.Sports|992","Q54861217","nm0521522","Steve Lott","not exact match",NA,NA
"Никифор Крыницкий","classification.ores.articletopic/Geography.Regions.Europe.Eastern Europe|990|classification.ores.articletopic/Geography.Regions.Europe.Europe*|948|classification.ores.articletopic/Culture.Biography.Biography*|974","Q742370","nm0271070","Krystyna Feldman","not exact match",NA,NA
"Икинс, Даллас","classification.ores.articletopic/Geography.Regions.Americas.North_America|995|classification.ores.articletopic/Culture.Sports|1000|classification.ores.articletopic/Culture.Biography.Biography*|995|recommendation.image_section/exists|1","Q3012442","nm0442635","Ingrid Kavelaars","not exact match",NA,NA
"Наваррини, Урано","classification.ores.articletopic/Culture.Sports|1000|classification.ores.articletopic/Culture.Biography.Biography*|651","Q4006322","nm0622798","Nuto Navarrini","not exact match",NA,NA
"Бондарь, Александр Викторович","classification.ores.articletopic/Geography.Regions.Asia.North_Asia|515|classification.ores.articletopic/Geography.Regions.Asia.Asia*|507|classification.ores.articletopic/Culture.Biography.Biography*|993","Q4093272","nm5789115","Alexandre Bondar","not exact match",NA,NA
"Гостелоу, Гордон","classification.ores.articletopic/Culture.Media.Media*|888|classification.ores.articletopic/Culture.Biography.Biography*|976|classification.ores.articletopic/Geography.Regions.Oceania|275","Q5585177","nm0331714","Harry Gostelow","not exact match","nm0331713",NA
"Деянг, Мишель","classification.ores.articletopic/Culture.Performing arts|999|classification.ores.articletopic/Culture.Media.Media*|992|classification.ores.articletopic/Culture.Media.Music|996|classification.ores.articletopic/Culture.Biography.Biography*|970","Q2752579","nm1338717","Michelle DeYoung","not exact match",NA,NA
"Мацумото, Такаси (музыкант)","classification.ores.articletopic/Geography.Regions.Asia.Asia*|995|classification.ores.articletopic/Culture.Biography.Biography*|844|classification.ores.articletopic/Geography.Regions.Asia.East Asia|997|classification.ores.articletopic/Culture.Media.Music|754","Q3514198","nm1191929","Takashi Matsumoto","not exact match",NA,NA
"Джонс, Томас (преступник)","classification.ores.articletopic/Culture.Biography.Biography*|930|recommendation.image/exists|1","Q7776946","nm7748240","Tommy Rodger","not exact match",NA,NA
"Уэй, Дэррил","classification.ores.articletopic/Culture.Media.Media*|945|classification.ores.articletopic/Culture.Media.Music|939|classification.ores.articletopic/Culture.Biography.Biography*|981","Q2493793","nm0915420","Darryl Way","not exact match",NA,NA
"Винтер, Сигизмунд","classification.ores.articletopic/Geography.Regions.Europe.Eastern Europe|990|classification.ores.articletopic/Culture.Biography.Biography*|974|classification.ores.articletopic/Geography.Regions.Europe.Europe*|980|classification.ores.articletopic/History and Society.History|276","Q3564902","nm0935853","Zikmund Winter","not exact match",NA,NA
"Люси Юинг","classification.ores.articletopic/Culture.Biography.Women|656|classification.ores.articletopic/Culture.Biography.Biography*|860|classification.ores.articletopic/Culture.Media.Television|990|classification.ores.articletopic/Culture.Media.Media*|806|classification.ores.articletopic/Culture.Media.Entertainment|733","Q2654086","nm0005492","Charlene Tilton","not exact match",NA,NA
"Кэшман, Нелли","classification.ores.articletopic/Culture.Biography.Biography*|969|classification.ores.articletopic/Geography.Regions.Americas.North_America|934","Q602294","nm0835836","Randy Stuart","not exact match",NA,NA
"Адебайо, Диран","classification.ores.articletopic/Culture.Literature|734|classification.ores.articletopic/Geography.Regions.Europe.Northern Europe|757|classification.ores.articletopic/Culture.Biography.Biography*|988","Q5280169","nm1986061","Diran Adebayo","not exact match",NA,NA
"Форнес, Мария Ирен","classification.ores.articletopic/Culture.Biography.Biography*|988","Q959128","nm2188136",NA,NA,"nm0286508",NA
"Мэтти, Дален","classification.ores.articletopic/Culture.Biography.Biography*|948|classification.ores.articletopic/Culture.Biography.Women|861|classification.ores.articletopic/History and Society.History|171|recommendation.link/exists|1","Q469418","nm0559882","Dalene Matthee","not exact match",NA,NA
"Броделе, Анна Юльевна","classification.ores.articletopic/Geography.Regions.Europe.Europe*|979|classification.ores.articletopic/Culture.Biography.Biography*|998|classification.ores.articletopic/Geography.Regions.Europe.Northern_Europe|989","Q12078467","nm6664745","Anna Brodele","not exact match",NA,NA
"Лангфюс, Анна","classification.ores.articletopic/Culture.Literature|811|classification.ores.articletopic/History and Society.History|917|classification.ores.articletopic/Geography.Regions.Europe.Eastern Europe|904|classification.ores.articletopic/Geography.Regions.Europe.Europe*|953|classification.ores.articletopic/Geography.Regions.Europe.Western Europe|856|classification.ores.articletopic/Culture.Biography.Biography*|943|classification.ores.articletopic/Culture.Biography.Women|953","Q437433","nm1172567","Anna Langfus","not exact match",NA,NA
"Скурас, Чарльз","classification.ores.articletopic/Culture.Biography.Biography*|698","Q5082537","nm0804759","Charles Skouras III","not exact match",NA,NA
"Семмингсен, Тува","classification.ores.articletopic/Culture.Media.Music|1000|classification.ores.articletopic/Geography.Regions.Europe.Northern_Europe|997|classification.ores.articletopic/Culture.Biography.Biography*|966|classification.ores.articletopic/Culture.Biography.Women|996|classification.ores.articletopic/Culture.Performing_arts|934|classification.ores.articletopic/Culture.Media.Media*|1000|classification.ores.articletopic/Geography.Regions.Europe.Europe*|962","Q12343429","nm2352655","Tuva Semmingsen","not exact match",NA,NA
"Литтл, Тасмин","classification.ores.articletopic/Culture.Media.Media*|736|classification.ores.articletopic/Culture.Biography.Biography*|989|classification.ores.articletopic/Culture.Media.Music|797","Q447856","nm2903123",NA,NA,NA,NA
"Паркер, Боб","classification.ores.articletopic/Geography.Regions.Oceania|1000|classification.ores.articletopic/Culture.Biography.Biography*|870","Q4933595","nm1577922","Bob Parker","not exact match",NA,NA
"Тойрер, Дэйв","classification.ores.articletopic/Culture.Media.Video_games|737|classification.ores.articletopic/Culture.Internet_culture|651|classification.ores.articletopic/Culture.Biography.Biography*|859|classification.ores.articletopic/Culture.Media.Media*|961|classification.ores.articletopic/Geography.Regions.Americas.North_America|523","Q1173359","nm2935054","Dave Theurer","not exact match",NA,NA
"Макферсон, Тара","classification.ores.articletopic/Culture.Biography.Women|856|classification.ores.articletopic/Culture.Biography.Biography*|983|classification.ores.articletopic/Culture.Visual arts.Visual arts*|837","Q2393823","nm2159388","Tara McPherson","not exact match",NA,NA
"Ариф Али-Шах","classification.ores.articletopic/Geography.Regions.Asia.South Asia|682|classification.ores.articletopic/Geography.Regions.Asia.Asia*|951|classification.ores.articletopic/Culture.Biography.Biography*|987","Q4790526","nm1567043","Robinson Savary","not exact match","nm1706585",NA
"Маклейн, Денни","classification.ores.articletopic/Culture.Sports|995|classification.ores.articletopic/Geography.Regions.Americas.North America|892|classification.ores.articletopic/Culture.Biography.Biography*|972","Q1703370","nm1928087","Denny McLain","not exact match",NA,NA
"Кастро Зизо","classification.ores.articletopic/Culture.Media.Music|760|classification.ores.articletopic/Culture.Biography.Biography*|749|classification.ores.articletopic/Culture.Media.Media*|991","Q25806","nm4217362","Klevis Bega","not exact match",NA,NA
"Хостовский, Эгон","classification.ores.articletopic/Geography.Regions.Europe.Eastern_Europe|665|classification.ores.articletopic/Geography.Regions.Europe.Europe*|863|classification.ores.articletopic/Culture.Biography.Biography*|992","Q1298660","nm0396196","Egon Hostovsky","not exact match",NA,NA
"Янг, Сора","classification.ores.articletopic/Geography.Regions.Asia.Asia*|987|classification.ores.articletopic/Geography.Regions.Asia.East Asia|995|classification.ores.articletopic/Culture.Sports|35|classification.ores.articletopic/Culture.Biography.Biography*|809","Q4537879","nm1740364",NA,NA,"nm0453661",NA
"Вайнер, Самуэль","classification.ores.articletopic/Culture.Biography.Biography*|915|classification.ores.articletopic/Geography.Regions.Americas.South America|999|recommendation.image/exists|1","Q1797472","nm0906498","Bruno Wainer","not exact match",NA,NA
"Награды Аланис Мориссетт","classification.ores.articletopic/Culture.Media.Music|661|classification.ores.articletopic/Culture.Media.Media*|786|classification.ores.articletopic/Culture.Biography.Biography*|785","Q4311722","nm0001551","Alanis Morissette","not exact match",NA,NA
"The Hermitt","classification.ores.articletopic/Culture.Media.Music|737|classification.ores.articletopic/Culture.Biography.Biography*|868|classification.ores.articletopic/Culture.Media.Media*|825","Q4051124","nm0520265","Rodrigo Lopresti","not exact match",NA,NA
"Эйчар, Донни","classification.ores.articletopic/Culture.Media.Media*|822|classification.ores.articletopic/Geography.Regions.Americas.North_America|851|classification.ores.articletopic/Culture.Biography.Biography*|973","Q23769965","nm0251448","Donnie Eichar","not exact match",NA,NA
"Итурбиде, Грасьела","classification.ores.articletopic/Geography.Regions.Americas.North America|875|classification.ores.articletopic/Culture.Visual arts.Visual arts*|989|classification.ores.articletopic/Culture.Biography.Women|953|classification.ores.articletopic/History and Society.History|379|classification.ores.articletopic/Culture.Biography.Biography*|993","Q468816","nm0411830","Graciela Iturbide","not exact match",NA,NA
"Авлон, Джон","classification.ores.articletopic/Culture.Media.Media*|896|classification.ores.articletopic/Culture.Biography.Biography*|788|classification.ores.articletopic/Geography.Regions.Americas.North America|758","Q6219805","nm1891640","John Avlon","not exact match",NA,NA
"Фудзимура, Фумио","classification.ores.articletopic/Culture.Sports|998|classification.ores.articletopic/Geography.Regions.Asia.Asia*|443|classification.ores.articletopic/Culture.Biography.Biography*|971","Q850617","nm4207891","Fumio Fujimura","not exact match",NA,NA
"Tenpole Tudor","classification.ores.articletopic/Culture.Media.Music|980|classification.ores.articletopic/Culture.Biography.Biography*|572|classification.ores.articletopic/Culture.Media.Media*|936","Q649666","nm0876128","Edward Tudor-Pole","not exact match",NA,NA
"Габышев, Лев Львович","classification.ores.articletopic/Geography.Regions.Europe.Eastern_Europe|980|classification.ores.articletopic/Geography.Regions.Asia.North_Asia|951|classification.ores.articletopic/Geography.Regions.Europe.Europe*|896|classification.ores.articletopic/Geography.Regions.Asia.Asia*|887|classification.ores.articletopic/Culture.Biography.Biography*|884","Q86606897","nm10077311","Lev Gabyshev","not exact match",NA,NA
"2010 год в Канаде","classification.ores.articletopic/Culture.Biography.Biography*|627|classification.ores.articletopic/Culture.Sports|32|classification.ores.articletopic/Geography.Regions.Americas.North America|946","Q2072750","nm0000433","Corey Haim","not exact match",NA,NA
"Список наград и номинаций Джанет Джексон","classification.ores.articletopic/Culture.Biography.Biography*|890|classification.ores.articletopic/Culture.Media.Media*|923|classification.ores.articletopic/History and Society.Society|518|classification.ores.articletopic/Culture.Media.Music|840","Q4434929","nm0001390","Janet Jackson","not exact match",NA,NA
"Стрёмхольм, Кристер","classification.ores.articletopic/Culture.Biography.Biography*|916|classification.ores.articletopic/Geography.Regions.Europe.Northern Europe|945|classification.ores.articletopic/Geography.Regions.Europe.Europe*|962","Q555498","nm0835572","Christer Strömholm","not exact match",NA,NA
"Mary’s Danish","classification.ores.articletopic/Culture.Biography.Biography*|604|classification.ores.articletopic/Culture.Media.Music|335","Q6778684","nm0171749","Matt Colleran","not exact match",NA,NA
"Дискография Кёрли","classification.ores.articletopic/Culture.Media.Media*|954|classification.ores.articletopic/Culture.Biography.Biography*|379|classification.ores.articletopic/Culture.Media.Music|973","Q2977814","nm1918959","Kerli","not exact match",NA,NA
"Akillezz","classification.ores.articletopic/Culture.Media.Media*|996|classification.ores.articletopic/Culture.Biography.Biography*|812|classification.ores.articletopic/Culture.Media.Music|994","Q21004757","nm5711938","John Arvanitis","not exact match",NA,NA
"Грегори, Ник","classification.ores.articletopic/History and Society.Transportation|327|classification.ores.articletopic/Culture.Biography.Biography*|977|classification.ores.articletopic/STEM.STEM*|780","Q16193609","nm8060943","Nick Gregory","not exact match",NA,NA
"Шкаричич, Мария","classification.ores.articletopic/Culture.Biography.Women|806|classification.ores.articletopic/Geography.Regions.Europe.Europe*|988|classification.ores.articletopic/Geography.Regions.Europe.Southern Europe|990|classification.ores.articletopic/Culture.Biography.Biography*|970","Q3513564","nm1146292","Marija Skaricic","not exact match",NA,NA
"Питаро, Джеймс","classification.ores.articletopic/Geography.Regions.Americas.North America|576|classification.ores.articletopic/Culture.Sports|91|classification.ores.articletopic/Culture.Biography.Biography*|991","Q50349970","nm0446465","Jean Louisa Kelly","not exact match",NA,NA
"Гленн Фредли","classification.ores.articletopic/Geography.Regions.Asia.Southeast Asia|991|classification.ores.articletopic/Geography.Regions.Asia.Asia*|987|classification.ores.articletopic/Culture.Media.Music|453|classification.ores.articletopic/Culture.Biography.Biography*|991|classification.ores.articletopic/Culture.Media.Media*|738","Q5568820","nm6579201","Glenn Fredly","not exact match",NA,NA
"Мариам Гарикули","classification.ores.articletopic/Culture.Biography.Biography*|969|classification.ores.articletopic/Geography.Regions.Asia.Asia*|998|classification.ores.articletopic/Geography.Regions.Asia.West_Asia|1000","Q20556891","nm2073618","Mariam Garikuli","not exact match",NA,NA
"Пагани, Энрико","classification.ores.articletopic/Geography.Regions.Europe.Southern Europe|811|classification.ores.articletopic/Culture.Biography.Biography*|915|classification.ores.articletopic/Culture.Sports|999|classification.ores.articletopic/Geography.Regions.Europe.Europe*|742","Q3725960","nm0656038","Enrico Pagani","not exact match",NA,NA
"Аркси, Нил","classification.ores.articletopic/Culture.Biography.Biography*|859|classification.ores.articletopic/Geography.Regions.Europe.Europe*|859|classification.ores.articletopic/Geography.Regions.Europe.Northern_Europe|924","Q6988243","nm1440770","Neil Arksey","not exact match",NA,NA
"Вендт, Альберт","classification.ores.articletopic/Culture.Biography.Biography*|1000|classification.ores.articletopic/Geography.Regions.Oceania|1000","Q1235864","nm0920914","Albert Wendt","not exact match",NA,NA
"Ренфро, Марли","classification.ores.articletopic/Culture.Media.Films|952|classification.ores.articletopic/Geography.Regions.Americas.North_America|569|classification.ores.articletopic/Culture.Media.Media*|980|classification.ores.articletopic/Culture.Biography.Biography*|962","Q6771816","nm0205208","Myra Jones","not exact match","nm0719505",NA
"Уитмер, Лоренс","classification.ores.articletopic/Culture.Biography.Biography*|270|classification.ores.articletopic/STEM.Earth and environment|999|classification.ores.articletopic/STEM.Biology|757|classification.ores.articletopic/STEM.STEM*|995","Q6504754","nm3703502","Lawrence Witmer","not exact match",NA,NA
"Деви, Ананда","classification.ores.articletopic/Culture.Literature|973|classification.ores.articletopic/Culture.Biography.Biography*|963|classification.ores.articletopic/Culture.Biography.Women|922","Q2845313","nm2671232","Ananda Devi","not exact match",NA,NA
"Рубиан, Мурилу","classification.ores.articletopic/Geography.Regions.Americas.South America|997|classification.ores.articletopic/Culture.Biography.Biography*|961","Q367095","nm1460025","Murilo Rubião","not exact match",NA,NA
"Архентинита","classification.ores.articletopic/Culture.Performing arts|842|classification.ores.articletopic/Culture.Biography.Women|736|classification.ores.articletopic/History and Society.History|143|classification.ores.articletopic/Culture.Media.Music|648|classification.ores.articletopic/Culture.Biography.Biography*|988|classification.ores.articletopic/Geography.Regions.Europe.Europe*|857|classification.ores.articletopic/Geography.Regions.Europe.Southern Europe|975","Q518796","nm0530088","Encarnación López","not exact match",NA,NA
"Русакис, Джон","classification.ores.articletopic/Geography.Regions.Americas.North America|928|classification.ores.articletopic/History and Society.Politics and government|568|classification.ores.articletopic/Culture.Biography.Biography*|992","Q6255774","nm0745833","John P. Rousakis","not exact match",NA,NA
"Корбин, Роберт","classification.ores.articletopic/Geography.Regions.Americas.South America|994|classification.ores.articletopic/Culture.Biography.Biography*|924","Q7343112","nm0713111","Sol Raye","not exact match",NA,NA
"Парри, Дэвид Уильям","classification.ores.articletopic/Culture.Biography.Biography*|629","Q97794209","nm9159551","David William Parry","not exact match",NA,NA
"Бромберг, Шейла","classification.ores.articletopic/Culture.Media.Media*|943|classification.ores.articletopic/Culture.Biography.Biography*|986|classification.ores.articletopic/Culture.Media.Music|942|classification.ores.articletopic/Culture.Biography.Women|698","Q108601409","nm4951547","Sheila Bromberg","not exact match",NA,NA
"Хиллен, Ханс","classification.ores.articletopic/Geography.Regions.Europe.Europe*|930|classification.ores.articletopic/Geography.Regions.Europe.Western_Europe|983|classification.ores.articletopic/Culture.Biography.Biography*|961","Q466569","nm2498540","Hans Hillen","not exact match",NA,NA
"Оливейра, Хулио","classification.ores.articletopic/Culture.Media.Media*|856|classification.ores.articletopic/Culture.Biography.Biography*|953|classification.ores.articletopic/Geography.Regions.Americas.South America|856","Q106515196","nm2429940","Julio Oliveira","not exact match",NA,NA
"Видлин (Шотландия)","classification.ores.articletopic/Geography.Regions.Europe.Europe*|979|classification.ores.articletopic/Geography.Regions.Europe.Northern Europe|975|classification.ores.articletopic/Culture.Biography.Biography*|304","Q7928111","nm1017414","Steven Robertson","not exact match",NA,NA
"Ахмади, Ахмадреза","classification.ores.articletopic/Culture.Biography.Biography*|959|classification.ores.articletopic/Geography.Regions.Asia.Asia*|731","Q4695666","nm1154554","Ahmad Reza Ahmadi","not exact match",NA,NA
"Марани, Диего","classification.ores.articletopic/Culture.Biography.Biography*|994|classification.ores.articletopic/Geography.Regions.Europe.Europe*|909","Q521707","nm3065533","Diego Marani","not exact match",NA,NA
"Марковски, Миле","classification.ores.articletopic/Culture.Biography.Biography*|938|classification.ores.articletopic/Geography.Regions.Europe.Europe*|986|classification.ores.articletopic/Geography.Regions.Europe.Eastern Europe|995","Q1545687","nm1007595","Igor Markovski","not exact match",NA,NA
"Эмануэль, Майк","classification.ores.articletopic/Geography.Regions.Americas.North_America|979|classification.ores.articletopic/Culture.Biography.Biography*|985","Q6846697","nm1990152","Mike Emanuel","not exact match",NA,NA
"М’Байро, Абакар","classification.ores.articletopic/Geography.Regions.Africa.Africa*|950|classification.ores.articletopic/Geography.Regions.Africa.Central Africa|999|classification.ores.articletopic/Culture.Sports|980|classification.ores.articletopic/Culture.Biography.Biography*|970","Q22002945","nm6178641","Abakar M'Bairo","not exact match",NA,NA
"Хили, Дороти Рэй","classification.ores.articletopic/History_and_Society.Politics_and_government|867|classification.ores.articletopic/Culture.Biography.Biography*|724|classification.ores.articletopic/Geography.Regions.Americas.North_America|890","Q5298605","nm2387818","Dorothy Ray Healey","not exact match",NA,NA
"Брискин, Жаклин","classification.ores.articletopic/Culture.Biography.Biography*|999|classification.ores.articletopic/Culture.Literature|607","Q4940683","nm0109850","Bert Briskin","not exact match",NA,NA
"Дюрр, Альфред","classification.ores.articletopic/Culture.Biography.Biography*|928|classification.ores.articletopic/Geography.Regions.Americas.North_America|982","Q4703757","nm0240275","Al Duerr","not exact match",NA,NA
"Эрсой, Метин","classification.ores.articletopic/Geography.Regions.Asia.West Asia|917|classification.ores.articletopic/Geography.Regions.Asia.Asia*|984|classification.ores.articletopic/Culture.Biography.Biography*|981","Q42428127","nm0259878","Metin Ersoy","not exact match",NA,NA
"Тартикофф, Лилли","classification.ores.articletopic/Culture.Biography.Women|921|classification.ores.articletopic/History and Society.History|357|classification.ores.articletopic/Culture.Biography.Biography*|993","Q6548381","nm0005477","Lilly Tartikoff","not exact match",NA,NA
"Сено Гумира Аджидарма","classification.ores.articletopic/Culture.Literature|678|classification.ores.articletopic/Culture.Media.Media*|696|classification.ores.articletopic/Geography.Regions.Asia.Asia*|955|classification.ores.articletopic/Geography.Regions.Asia.Southeast Asia|998|classification.ores.articletopic/Culture.Biography.Biography*|909","Q1061805","nm8894863",NA,NA,NA,NA
"Хоммонаи, Тамаш","classification.ores.articletopic/Culture.Sports|997|classification.ores.articletopic/Geography.Regions.Europe.Europe*|569|classification.ores.articletopic/Geography.Regions.Europe.Eastern_Europe|904|classification.ores.articletopic/Culture.Biography.Biography*|874","Q47044608","nm8528388","Tamás Homonnay","not exact match",NA,NA
"Линс, Осман","classification.ores.articletopic/Culture.Biography.Biography*|964|classification.ores.articletopic/Geography.Regions.Americas.South America|999","Q346790","nm0513129","Osman Lins","not exact match",NA,NA
"Лои Эстрада","classification.ores.articletopic/Culture.Biography.Women|704|classification.ores.articletopic/Geography.Regions.Asia.Asia*|992|classification.ores.articletopic/Culture.Biography.Biography*|975|classification.ores.articletopic/Geography.Regions.Asia.Southeast Asia|999","Q2483874","nm1257073","Jinggoy Estrada","not exact match",NA,NA
"Ладаньи, Николас","classification.ores.articletopic/Culture.Sports|962|classification.ores.articletopic/Geography.Regions.Americas.South_America|798|classification.ores.articletopic/Culture.Biography.Biography*|993","Q1986624","nm0480433","Glória Ladany","not exact match",NA,NA
"Клэнси, Дейрдра","classification.ores.articletopic/Culture.Biography.Women|927|classification.ores.articletopic/Culture.Visual arts.Fashion|983|classification.ores.articletopic/History and Society.History|632|classification.ores.articletopic/Culture.Biography.Biography*|994|recommendation.link/exists|1","Q16106216","nm0163354","Deirdre Clancy","not exact match",NA,NA
"Ван т’Хек, Том","classification.ores.articletopic/Geography.Regions.Europe.Europe*|957|classification.ores.articletopic/Geography.Regions.Europe.Western Europe|969|classification.ores.articletopic/Culture.Sports|993|classification.ores.articletopic/Culture.Biography.Biography*|970","Q4553090","nm1812850","Youp van 't Hek","not exact match",NA,NA
